config,seed,test_mrr
del05,42,0.516918
del05,123,0.51154
del05,1234,0.516127
del10,42,0.478466
del10,123,0.473061
del10,1234,0.476958
del20,42,0.421135
del20,123,0.419894
del20,1234,0.419826
reldel,42,0.567136
reldel,123,0.564771
reldel,1234,0.566276
